/images/../,(drwxr-xr-x),../
/images/stealth_mode/,(drwxr-xr-x),de/
/images/browserify/,(drwxr-xr-x),fy/
/images/browserling/,(drwxr-xr-x),ng/
/images/browsers/,(drwxr-xr-x),rs/
/images/dnode-slides/,(drwxr-xr-x),es/
/images/do_not_write_big_apps/,(drwxr-xr-x),ps/
/images/dools/,(drwxr-xr-x),ls/
/images/furniture/,(drwxr-xr-x),re/
/images/grave/,(drwxr-xr-x),ve/
/images/haskell-gd/,(drwxr-xr-x),gd/
/images/heatwave/,(drwxr-xr-x),ve/
/images/huge/,(drwxr-xr-x),ge/
/images/hujs/,(drwxr-xr-x),js/
/images/hume/,(drwxr-xr-x),me/
/images/hunger_games_oakland/,(drwxr-xr-x),nd/
/images/avatars/,(drwxr-xr-x),rs/
/images/laptop-battery-hack/,(drwxr-xr-x),ck/
/images/logo/,(drwxr-xr-x),go/
/images/math/,(drwxr-xr-x),th/
/images/nodeconf-2011-slides/,(drwxr-xr-x),es/
/images/npmdep/,(drwxr-xr-x),ep/
/images/penny_farthing/,(drwxr-xr-x),ng/
/images/photo/,(drwxr-xr-x),to/
/images/pix/,(drwxr-xr-x),ix/
/images/robot-telescope/,(drwxr-xr-x),pe/
/images/rov-2010/,(drwxr-xr-x),10/
/images/scratch/,(drwxr-xr-x),ch/
/images/screenshots/,(drwxr-xr-x),ts/
/images/sf-city-lots/,(drwxr-xr-x),ts/
/images/spaceship/,(drwxr-xr-x),ip/
/images/internet/,(drwxr-xr-x),et/
/images/youtube.png,(-rw-r--r--),png
/images/yarnify.svg,(-rw-r--r--),svg
/images/yarnify.png,(-rw-r--r--),png
/images/writable.svg,(-rw-r--r--),svg
/images/writable.png,(-rw-r--r--),png
/images/worm.svg,(-rw-r--r--),svg
/images/worm.png,(-rw-r--r--),png
/images/world_map.svg,(-rw-r--r--),svg
/images/world_map.png,(-rw-r--r--),png
/images/wizard_sprite.svg,(-rw-r--r--),svg
/images/wizard_hat_dull.png,(-rw-r--r--),png
/images/wizard_hat.svg,(-rw-r--r--),svg
/images/wizard_hat.png,(-rw-r--r--),png
/images/wizard.svg,(-rw-r--r--),svg
/images/wizard.png,(-rw-r--r--),png
/images/why-browserling.png,(-rw-r--r--),png
/images/whale.svg,(-rw-r--r--),svg
/images/whale.png,(-rw-r--r--),png
/images/websockets.svg,(-rw-r--r--),svg
/images/websockets.png,(-rw-r--r--),png
/images/virtual_mars.svg,(-rw-r--r--),svg
/images/virtual_mars.png,(-rw-r--r--),png
/images/vaporwave.jpg,(-rw-r--r--),jpg
/images/upboat.svg,(-rw-r--r--),svg
/images/upboat.png,(-rw-r--r--),png
/images/unix_philosophy.svg,(-rw-r--r--),svg
/images/unix_philosophy.png,(-rw-r--r--),png
/images/universe-of-discord.svg,(-rw-r--r--),svg
/images/universe-of-discord.png,(-rw-r--r--),png
/images/twitter.png,(-rw-r--r--),png
/images/trumpet.svg,(-rw-r--r--),svg
/images/trumpet.png,(-rw-r--r--),png
/images/triceratops.svg,(-rw-r--r--),svg
/images/triceratops.png,(-rw-r--r--),png
/images/tree.svg,(-rw-r--r--),svg
/images/tree-traversal.svg,(-rw-r--r--),svg
/images/tree-traversal.png,(-rw-r--r--),png
/images/trampoline.png,(-rw-r--r--),png
/images/tracer_bullet.svg,(-rw-r--r--),svg
/images/tracer_bullet.png,(-rw-r--r--),png
/images/through.svg,(-rw-r--r--),svg
/images/through.png,(-rw-r--r--),png
/images/thomas-turtle.svg,(-rw-r--r--),svg
/images/thomas-turtle.png,(-rw-r--r--),png
/images/thinkpad.svg,(-rw-r--r--),svg
/images/thinkpad.png,(-rw-r--r--),png
/images/the-robot-vote.svg,(-rw-r--r--),svg
/images/the-robot-vote.png,(-rw-r--r--),png
/images/testling_sticker.svg,(-rw-r--r--),svg
/images/testling_sticker.png,(-rw-r--r--),png
/images/testling_mission_control.png,(-rw-r--r--),png
/images/testling_icon.png,(-rw-r--r--),png
/images/testling_donate_5.png,(-rw-r--r--),png
/images/testling_donate_20.png,(-rw-r--r--),png
/images/testling_donate_10.png,(-rw-r--r--),png
/images/testling_donate.svg,(-rw-r--r--),svg
/images/testling_big.png,(-rw-r--r--),png
/images/testling_badge_dnode.png,(-rw-r--r--),png
/images/testling_badge.svg,(-rw-r--r--),svg
/images/testling_badge.png,(-rw-r--r--),png
/images/testling.svg,(-rw-r--r--),svg
/images/testling.png,(-rw-r--r--),png
/images/tape_drive.svg,(-rw-r--r--),svg
/images/tape_drive.png,(-rw-r--r--),png
/images/tacodb_tacostack5.png,(-rw-r--r--),png
/images/tacodb_tacostack.png,(-rw-r--r--),png
/images/tacodb_platestack5.png,(-rw-r--r--),png
/images/tacodb_platestack.png,(-rw-r--r--),png
/images/tacodb_platedb.png,(-rw-r--r--),png
/images/tacodb_logo.png,(-rw-r--r--),png
/images/tacodb.svg,(-rw-r--r--),svg
/images/tacodb.png,(-rw-r--r--),png
/images/taco_conf_front.svg,(-rw-r--r--),svg
/images/taco_conf_date.png,(-rw-r--r--),png
/images/taco_conf_back.svg,(-rw-r--r--),svg
/images/taco_conf.png,(-rw-r--r--),png
/images/taco.svg,(-rw-r--r--),svg
/images/taco.png,(-rw-r--r--),png
/images/t-rex.svg,(-rw-r--r--),svg
/images/t-rex.png,(-rw-r--r--),png
/images/swoop.svg,(-rw-r--r--),svg
/images/swoop.png,(-rw-r--r--),png
/images/substackistan.png,(-rw-r--r--),png
/images/substack_pixel.svg,(-rw-r--r--),svg
/images/substack_monochrome.png,(-rw-r--r--),png
/images/substack_monochrome.jpg,(-rw-r--r--),jpg
/images/substack_header_letters.png,(-rw-r--r--),png
/images/substack_header.svg,(-rw-r--r--),svg
/images/substack_compute.jpg,(-rw-r--r--),jpg
/images/substack_compute.an8,(-rw-r--r--),an8
/images/substack_angry.png,(-rw-r--r--),png
/images/substack_240.png,(-rw-r--r--),png
/images/substack.svg,(-rw-r--r--),svg
/images/substack.png,(-rw-r--r--),png
/images/substack.gif,(-rw-r--r--),gif
/images/soundcloud.png,(-rw-r--r--),png
/images/sound_of_a_voice.svg,(-rw-r--r--),svg
/images/sound_of_a_voice.png,(-rw-r--r--),png
/images/sky_cake.svg,(-rw-r--r--),svg
/images/sky_cake.png,(-rw-r--r--),png
/images/singsong.png,(-rw-r--r--),png
/images/sillyscope_spectrogram.png,(-rw-r--r--),png
/images/shoe.svg,(-rw-r--r--),svg
/images/shoe.png,(-rw-r--r--),png
/images/shader_emulation_taurus.png,(-rw-r--r--),png
/images/sesame.svg,(-rw-r--r--),svg
/images/sesame.png,(-rw-r--r--),png
/images/separation_of_concerns.svg,(-rw-r--r--),svg
/images/separation_of_concerns.png,(-rw-r--r--),png
/images/self_big.jpg,(-rw-r--r--),jpg
/images/self.svg,(-rw-r--r--),svg
/images/self.png,(-rw-r--r--),png
/images/self.jpg,(-rw-r--r--),jpg
/images/secure_peer_logo.svg,(-rw-r--r--),svg
/images/secure_peer_logo.png,(-rw-r--r--),png
/images/seaport_logo.svg,(-rw-r--r--),svg
/images/seaport_logo.png,(-rw-r--r--),png
/images/seaport.svg,(-rw-r--r--),svg
/images/seaport.png,(-rw-r--r--),png
/images/scuttlebutt.svg,(-rw-r--r--),svg
/images/scuttlebutt.png,(-rw-r--r--),png
/images/school_of_fish.svg,(-rw-r--r--),svg
/images/school_of_fish.png,(-rw-r--r--),png
/images/saucer_pending.svg,(-rw-r--r--),svg
/images/saucer_pending.gif,(-rw-r--r--),gif
/images/saucer_landing.png,(-rw-r--r--),png
/images/safe_harbor_claus.svg,(-rw-r--r--),svg
/images/safe_harbor_claus.png,(-rw-r--r--),png
/images/rov.svg,(-rw-r--r--),svg
/images/rov.png,(-rw-r--r--),png
/images/ross_mural.png,(-rw-r--r--),png
/images/robot_telescope.svg,(-rw-r--r--),svg
/images/robot_telescope.png,(-rw-r--r--),png
/images/robot_recycling.jpg,(-rw-r--r--),jpg
/images/robot.svg,(-rw-r--r--),svg
/images/robot.png,(-rw-r--r--),png
/images/robokit.svg,(-rw-r--r--),svg
/images/robokit.png,(-rw-r--r--),png
/images/right.png,(-rw-r--r--),png
/images/readable.svg,(-rw-r--r--),svg
/images/readable.png,(-rw-r--r--),png
/images/raptor.svg,(-rw-r--r--),svg
/images/raptor.png,(-rw-r--r--),png
/images/queue.png,(-rw-r--r--),png
/images/quacks_like_a_duck.svg,(-rw-r--r--),svg
/images/quacks_like_a_duck.png,(-rw-r--r--),png
/images/pushover_logo.png,(-rw-r--r--),png
/images/pushover.svg,(-rw-r--r--),svg
/images/pushover.png,(-rw-r--r--),png
/images/printable_pixels.svg,(-rw-r--r--),svg
/images/printable.svg,(-rw-r--r--),svg
/images/pony.svg,(-rw-r--r--),svg
/images/pony.png,(-rw-r--r--),png
/images/polar_bear.svg,(-rw-r--r--),svg
/images/polar_bear.png,(-rw-r--r--),png
/images/ploy.svg,(-rw-r--r--),svg
/images/ploy.png,(-rw-r--r--),png
/images/pending_badge.png,(-rw-r--r--),png
/images/pause_stream.svg,(-rw-r--r--),svg
/images/pause_stream.png,(-rw-r--r--),png
/images/pascal.svg,(-rw-r--r--),svg
/images/pascal.png,(-rw-r--r--),png
/images/outline.png,(-rw-r--r--),png
/images/oscilloscope.svg,(-rw-r--r--),svg
/images/oscilloscope.png,(-rw-r--r--),png
/images/optimistic.svg,(-rw-r--r--),svg
/images/optimistic.png,(-rw-r--r--),png
/images/optimist_logo.svg,(-rw-r--r--),svg
/images/optimist_logo.png,(-rw-r--r--),png
/images/only-a-dream.svg,(-rw-r--r--),svg
/images/only-a-dream.png,(-rw-r--r--),png
/images/ogdenius_maximus.svg,(-rw-r--r--),svg
/images/ogdenius_maximus.png,(-rw-r--r--),png
/images/octopus.an8,(-rw-r--r--),an8
/images/oakland.svg,(-rw-r--r--),svg
/images/oakland.png,(-rw-r--r--),png
/images/oakjs.svg,(-rw-r--r--),svg
/images/oakjs.png,(-rw-r--r--),png
/images/oak_coffee.svg,(-rw-r--r--),svg
/images/oak_coffee.png,(-rw-r--r--),png
/images/npmtop.svg,(-rw-r--r--),svg
/images/npmtop.png,(-rw-r--r--),png
/images/npm.png,(-rw-r--r--),png
/images/node_turtle_solid.svg,(-rw-r--r--),svg
/images/node_turtle_solid.png,(-rw-r--r--),png
/images/node_turtle_plume.svg,(-rw-r--r--),svg
/images/node_turtle_plume.png,(-rw-r--r--),png
/images/node_turtle.svg,(-rw-r--r--),svg
/images/node_turtle.png,(-rw-r--r--),png
/images/no_earthquakes.png,(-rw-r--r--),png
/images/nesting-robots.svg,(-rw-r--r--),svg
/images/nesting-robots.png,(-rw-r--r--),png
/images/mux_demux.svg,(-rw-r--r--),svg
/images/mux_demux.png,(-rw-r--r--),png
/images/music.svg,(-rw-r--r--),svg
/images/music.png,(-rw-r--r--),png
/images/mushroom_cloud.svg,(-rw-r--r--),svg
/images/mushroom_cloud.png,(-rw-r--r--),png
/images/multimeter.svg,(-rw-r--r--),svg
/images/multimeter.png,(-rw-r--r--),png
/images/mrcolor.svg,(-rw-r--r--),svg
/images/mrcolor.png,(-rw-r--r--),png
/images/mountie_equation.png,(-rw-r--r--),png
/images/mountie.svg,(-rw-r--r--),svg
/images/mountie.png,(-rw-r--r--),png
/images/monster_0.svg,(-rw-r--r--),svg
/images/modularity.png,(-rw-r--r--),png
/images/mind_explosion_silly.png,(-rw-r--r--),png
/images/mind_explosion.svg,(-rw-r--r--),svg
/images/mind_explosion.png,(-rw-r--r--),png
/images/microwave.png,(-rw-r--r--),png
/images/method-chain.svg,(-rw-r--r--),svg
/images/method-chain.png,(-rw-r--r--),png
/images/message-passing.svg,(-rw-r--r--),svg
/images/message-passing.png,(-rw-r--r--),png
/images/mechanical_bull.svg,(-rw-r--r--),svg
/images/mechanical_bull.png,(-rw-r--r--),png
/images/mcilroy.svg,(-rw-r--r--),svg
/images/mcilroy.png,(-rw-r--r--),png
/images/maxwell-equations.jpg,(-rw-r--r--),jpg
/images/max_fish.png,(-rw-r--r--),png
/images/max.svg,(-rw-r--r--),svg
/images/max.png,(-rw-r--r--),png
/images/max.gif,(-rw-r--r--),gif
/images/marley.svg,(-rw-r--r--),svg
/images/marley.png,(-rw-r--r--),png
/images/malicious-user.svg,(-rw-r--r--),svg
/images/malicious-user.png,(-rw-r--r--),png
/images/malicious-attack.svg,(-rw-r--r--),svg
/images/malicious-attack.png,(-rw-r--r--),png
/images/mad_science_%E7%96%AF%E7%8B%82%E7%A7%91%E5%AD%A6.svg,(-rw-r--r--),svg
/images/mad_science_%E7%96%AF%E7%8B%82%E7%A7%91%E5%AD%A6.png,(-rw-r--r--),png
/images/mad_science.svg,(-rw-r--r--),svg
/images/mad_science.png,(-rw-r--r--),png
/images/leveldb.svg,(-rw-r--r--),svg
/images/leveldb.png,(-rw-r--r--),png
/images/level_party.svg,(-rw-r--r--),svg
/images/level_party.png,(-rw-r--r--),png
/images/lettuce.svg,(-rw-r--r--),svg
/images/lettuce.png,(-rw-r--r--),png
/images/left.png,(-rw-r--r--),png
/images/lebron.svg,(-rw-r--r--),svg
/images/lebron.png,(-rw-r--r--),png
/images/lazorse.svg,(-rw-r--r--),svg
/images/lazorse.png,(-rw-r--r--),png
/images/lanyrd.png,(-rw-r--r--),png
/images/lambdaphant.svg,(-rw-r--r--),svg
/images/lambdaphant.png,(-rw-r--r--),png
/images/kernighan.svg,(-rw-r--r--),svg
/images/kernighan.png,(-rw-r--r--),png
/images/keeping_it_surrealtime.svg,(-rw-r--r--),svg
/images/keeping_it_surrealtime.png,(-rw-r--r--),png
/images/jumping.png,(-rw-r--r--),png
/images/isaacs.svg,(-rw-r--r--),svg
/images/isaacs.png,(-rw-r--r--),png
/images/iphone_safari.png,(-rw-r--r--),png
/images/iphone.png,(-rw-r--r--),png
/images/ipad_safari.png,(-rw-r--r--),png
/images/ipad.png,(-rw-r--r--),png
/images/ios_safari.png,(-rw-r--r--),png
/images/interplanetary-brotherhood-of-robots.svg,(-rw-r--r--),svg
/images/interplanetary-brotherhood-of-robots.png,(-rw-r--r--),png
/images/internal-error.svg,(-rw-r--r--),svg
/images/internal-error.png,(-rw-r--r--),png
/images/ieee.png,(-rw-r--r--),png
/images/icebreaker.svg,(-rw-r--r--),svg
/images/icebreaker.png,(-rw-r--r--),png
/images/hyperspace.svg,(-rw-r--r--),svg
/images/hyperspace.png,(-rw-r--r--),png
/images/hunger_games_oakland.svg,(-rw-r--r--),svg
/images/hunger_games_oakland.png,(-rw-r--r--),png
/images/html5.svg,(-rw-r--r--),svg
/images/html5.png,(-rw-r--r--),png
/images/ht_in_et_draft2.png,(-rw-r--r--),png
/images/ht_in_et_draft1.png,(-rw-r--r--),png
/images/ht_in_et_draft0.png,(-rw-r--r--),png
/images/ht_in_et.svg,(-rw-r--r--),svg
/images/ht_in_et.png,(-rw-r--r--),png
/images/hookio.svg,(-rw-r--r--),svg
/images/hookio.png,(-rw-r--r--),png
/images/hjkl.svg,(-rw-r--r--),svg
/images/hjkl.png,(-rw-r--r--),png
/images/heatwave.png,(-rw-r--r--),png
/images/heatmap.png,(-rw-r--r--),png
/images/hat.svg,(-rw-r--r--),svg
/images/hat.png,(-rw-r--r--),png
/images/harnessing_streams.svg,(-rw-r--r--),svg
/images/harnessing_streams.png,(-rw-r--r--),png
/images/halliday.svg,(-rw-r--r--),svg
/images/halliday.png,(-rw-r--r--),png
/images/gossip_protocol.svg,(-rw-r--r--),svg
/images/gossip_protocol.png,(-rw-r--r--),png
/images/gittip.png,(-rw-r--r--),png
/images/gitorious.png,(-rw-r--r--),png
/images/github_request.png,(-rw-r--r--),png
/images/github.png,(-rw-r--r--),png
/images/funny-papers.svg,(-rw-r--r--),svg
/images/funny-papers.png,(-rw-r--r--),png
/images/freestyle_streams.svg,(-rw-r--r--),svg
/images/freestyle_streams.png,(-rw-r--r--),png
/images/fleet.svg,(-rw-r--r--),svg
/images/fleet.png,(-rw-r--r--),png
/images/felidae.svg,(-rw-r--r--),svg
/images/felidae.png,(-rw-r--r--),png
/images/feed.png,(-rw-r--r--),png
/images/favicon.svg,(-rw-r--r--),svg
/images/favicon.png,(-rw-r--r--),png
/images/falafel_logo.svg,(-rw-r--r--),svg
/images/falafel_logo.png,(-rw-r--r--),png
/images/falafel.svg,(-rw-r--r--),svg
/images/falafel.png,(-rw-r--r--),png
/images/facebook.png,(-rw-r--r--),png
/images/exterminate.svg,(-rw-r--r--),svg
/images/exterminate.png,(-rw-r--r--),png
/images/ent.svg,(-rw-r--r--),svg
/images/ent.png,(-rw-r--r--),png
/images/emit_stream_1.png,(-rw-r--r--),png
/images/emit_stream_0.png,(-rw-r--r--),png
/images/emit_stream.svg,(-rw-r--r--),svg
/images/emit_stream.gif,(-rw-r--r--),gif
/images/duplexer.svg,(-rw-r--r--),svg
/images/duplexer.png,(-rw-r--r--),png
/images/duplex_streams.svg,(-rw-r--r--),svg
/images/duplex_streams.png,(-rw-r--r--),png
/images/duplex_shirt.svg,(-rw-r--r--),svg
/images/duplex_shirt.png,(-rw-r--r--),png
/images/duck.svg,(-rw-r--r--),svg
/images/duck.png,(-rw-r--r--),png
/images/dtrace_pony.svg,(-rw-r--r--),svg
/images/dtrace_pony.png,(-rw-r--r--),png
/images/dtrace_pony.eps,(-rw-r--r--),eps
/images/dreamhosted.svg,(-rw-r--r--),svg
/images/dreamhosted.png,(-rw-r--r--),png
/images/draw_oakland.svg,(-rw-r--r--),svg
/images/draw_oakland.png,(-rw-r--r--),png
/images/document.png,(-rw-r--r--),png
/images/dnode_logo.svg,(-rw-r--r--),svg
/images/dnode_logo.png,(-rw-r--r--),png
/images/dnode_freestyle.png,(-rw-r--r--),png
/images/dnode.svg,(-rw-r--r--),svg
/images/dnode.png,(-rw-r--r--),png
/images/dismantle_all_the_standards_bodies.svg,(-rw-r--r--),svg
/images/dismantle_all_the_standards_bodies.png,(-rw-r--r--),png
/images/dijkstra-folk-wisdom.svg,(-rw-r--r--),svg
/images/dijkstra-folk-wisdom.png,(-rw-r--r--),png
/images/created_by_browserling_banner.svg,(-rw-r--r--),svg
/images/created_by_browserling_banner.png,(-rw-r--r--),png
/images/crane.svg,(-rw-r--r--),svg
/images/crane.png,(-rw-r--r--),png
/images/couchdb.svg,(-rw-r--r--),svg
/images/couchdb.png,(-rw-r--r--),png
/images/coronation.svg,(-rw-r--r--),svg
/images/coronation.png,(-rw-r--r--),png
/images/copter.svg,(-rw-r--r--),svg
/images/copter.png,(-rw-r--r--),png
/images/compute.png,(-rw-r--r--),png
/images/code_coverage.svg,(-rw-r--r--),svg
/images/code_coverage.png,(-rw-r--r--),png
/images/clown.svg,(-rw-r--r--),svg
/images/clown.png,(-rw-r--r--),png
/images/clocker.svg,(-rw-r--r--),svg
/images/clocker.png,(-rw-r--r--),png
/images/cipherhub.svg,(-rw-r--r--),svg
/images/cipherhub.png,(-rw-r--r--),png
/images/charms.svg,(-rw-r--r--),svg
/images/charms.png,(-rw-r--r--),png
/images/chainsaw.svg,(-rw-r--r--),svg
/images/chainsaw.png,(-rw-r--r--),png
/images/cat-on-keys.png,(-rw-r--r--),png
/images/cassette_robot.jpg,(-rw-r--r--),jpg
/images/cassette_bot.an8,(-rw-r--r--),an8
/images/cash_register.svg,(-rw-r--r--),svg
/images/cash_register.png,(-rw-r--r--),png
/images/cannon.svg,(-rw-r--r--),svg
/images/cannon.png,(-rw-r--r--),png
/images/california_roll.svg,(-rw-r--r--),svg
/images/california_roll.png,(-rw-r--r--),png
/images/burrito.svg,(-rw-r--r--),svg
/images/burrito.png,(-rw-r--r--),png
/images/bug.png,(-rw-r--r--),png
/images/browsers.svg,(-rw-r--r--),svg
/images/browserling_map.png,(-rw-r--r--),png
/images/browserling_icon.png,(-rw-r--r--),png
/images/browserling-tshirt.svg,(-rw-r--r--),svg
/images/browserling-tshirt.png,(-rw-r--r--),png
/images/browserify_logo.svg,(-rw-r--r--),svg
/images/browserify_logo.png,(-rw-r--r--),png
/images/browserify.svg,(-rw-r--r--),svg
/images/browserify.png,(-rw-r--r--),png
/images/brain.svg,(-rw-r--r--),svg
/images/brain.png,(-rw-r--r--),png
/images/bouncy.svg,(-rw-r--r--),svg
/images/bouncy.png,(-rw-r--r--),png
/images/binary-stream.svg,(-rw-r--r--),svg
/images/binary-stream.png,(-rw-r--r--),png
/images/ben.svg,(-rw-r--r--),svg
/images/ben.png,(-rw-r--r--),png
/images/bed.svg,(-rw-r--r--),svg
/images/bed.png,(-rw-r--r--),png
/images/bb.png,(-rw-r--r--),png
/images/baudio_logo.svg,(-rw-r--r--),svg
/images/baudio_logo.png,(-rw-r--r--),png
/images/badge.png,(-rw-r--r--),png
/images/arrows.svg,(-rw-r--r--),svg
/images/apatosaur.svg,(-rw-r--r--),svg
/images/apatosaur.png,(-rw-r--r--),png
/images/anyone-can-hack.jpg,(-rw-r--r--),jpg
/images/android_chrome.png,(-rw-r--r--),png
/images/all_the_way_down.svg,(-rw-r--r--),svg
/images/all_the_way_down.png,(-rw-r--r--),png
/images/all_the_concerns.png,(-rw-r--r--),png
/images/airport.svg,(-rw-r--r--),svg
/images/airport.png,(-rw-r--r--),png
/images/agu.svg,(-rw-r--r--),svg
/images/a_pipe_b_pipe_a.svg,(-rw-r--r--),svg
/images/a_pipe_b_pipe_a.png,(-rw-r--r--),png
/images/a_browser_in_your_browser.png,(-rw-r--r--),png
/images/LICENSE,(-rw-r--r--),NSE
/images/1up_upvote.png,(-rw-r--r--),png
/images/1up.svg,(-rw-r--r--),svg
/images/1up.png,(-rw-r--r--),png
https://github.com/jesusabdullah/node-ecstatic,null,tic
